{
  "agriculture": {
    "count": 260,
    "median": 173411.5,
    "log_mean": 11.684164328461726,
    "log_std": 2.0294233302386866,
    "p95": 1562585.0
  },
  "forest": {
    "count": 569,
    "median": 108389.0,
    "log_mean": 11.369882553994879,
    "log_std": 2.2476626097094794,
    "p95": 2338683.6000000006
  },
  "methane": {
    "count": 134,
    "median": 50478.5,
    "log_mean": 10.923530184262976,
    "log_std": 1.5459846693203452,
    "p95": 502320.4499999997
  },
  "other": {
    "count": 231,
    "median": 46580.0,
    "log_mean": 11.020929865558024,
    "log_std": 1.8690484779002423,
    "p95": 2907468.0
  },
  "renewable": {
    "count": 245,
    "median": 42272.0,
    "log_mean": 10.578892850801289,
    "log_std": 1.6296222235455922,
    "p95": 493589.599999999
  }
}